{
	"metadata": {
		"version": 4.5,
		"type": "Object",
		"generator": "Object3D.toJSON"
	},
	"geometries": [{
		"uuid": "77A70369-0962-4CEE-B197-B98F2D740EB5",
		"type": "TorusGeometry",
		"radius": 5,
		"tube": 2,
		"radialSegments": 16,
		"tubularSegments": 100
	}, {
		"uuid": "47A2B35D-1A71-4CDC-8CEA-1D1C409B4AD8",
		"type": "TorusKnotGeometry",
		"radius": 4,
		"tube": 1,
		"tubularSegments": 256,
		"radialSegments": 24
	}, {
		"uuid": "F795CEE9-AB2E-4A5F-BDF1-0D337DFF8012",
		"type": "CylinderGeometry",
		"radiusTop": 5,
		"radiusBottom": 5,
		"height": 10,
		"radialSegments": 48
	}, {
		"uuid": "18208E0C-A640-40F4-BDD3-BD2292A530FE",
		"type": "BoxGeometry",
		"width": 10,
		"height": 10,
		"depth": 10
	}, {
		"uuid": "D7094590-EC9C-479F-8C01-9D4728C9977D",
		"type": "ConeGeometry",
		"radius": 5,
		"height": 10,
		"radialSegments": 16
	}, {
		"uuid": "DBF6F1D7-B97E-4662-B922-0FB2D2E8E4E9",
		"type": "DodecahedronGeometry",
		"radius": 6,
		"detail": 0
	}],
	"materials": [{
		"uuid": "09A1D2EE-E7E0-4206-9481-513F644D5609",
		"type": "MeshPhongMaterial",
		"color": 12607488,
		"emissive": 0,
		"specular": 1118481,
		"shininess": 30,
		"depthFunc": 3,
		"depthTest": true,
		"depthWrite": true
	}, {
		"uuid": "B195F3E7-FD48-45B9-936B-5F98CD2F44E7",
		"type": "MeshPhongMaterial",
		"color": 49344,
		"emissive": 0,
		"specular": 1118481,
		"shininess": 30,
		"depthFunc": 3,
		"depthTest": true,
		"depthWrite": true
	}, {
		"uuid": "2A1E4AC9-8F66-41A3-B6CE-E03A1BD9FB24",
		"type": "MeshPhongMaterial",
		"color": 12582912,
		"emissive": 0,
		"specular": 1118481,
		"shininess": 30,
		"depthFunc": 3,
		"depthTest": true,
		"depthWrite": true
	}, {
		"uuid": "1D887ADF-CDA4-4B69-A77C-6B9B8DECFDE9",
		"type": "MeshPhongMaterial",
		"color": 192,
		"emissive": 0,
		"specular": 1118481,
		"shininess": 30,
		"flatShading": true,
		"depthFunc": 3,
		"depthTest": true,
		"depthWrite": true
	}, {
		"uuid": "B40EC915-2224-43EB-B597-4AA968B43C76",
		"type": "MeshPhongMaterial",
		"color": 49152,
		"emissive": 0,
		"specular": 1118481,
		"shininess": 30,
		"flatShading": true,
		"depthFunc": 3,
		"depthTest": true,
		"depthWrite": true
	}, {
		"uuid": "CC64E536-ADAF-4838-9F3B-94534FB7CF11",
		"type": "MeshPhongMaterial",
		"color": 12632064,
		"emissive": 0,
		"specular": 1118481,
		"shininess": 30,
		"flatShading": true,
		"depthFunc": 3,
		"depthTest": true,
		"depthWrite": true
	}],
	"object": {
		"uuid": "A3E74F18-FCFC-45F9-A9A9-A356B6321A7D",
		"type": "Group",
		"name": "Root",
		"userData": {
			"treeNode": {
				"sid": "0"
			}
		},
		"matrix": [1, 0, 0, 0, 0, 1, 0, 0, 0, 0, 1, 0, 0, 0, 0, 1],
		"children": [{
			"uuid": "509C39B3-2AE6-42AE-87CD-A0749E13A9F8",
			"type": "Mesh",
			"name": "Torus1",
			"userData": {
				"treeNode": {
					"sid": "1"
				}
			},
			"matrix": [1, 0, 0, 0, 0, 1, 0, 0, 0, 0, 1, 0, -20, 10, 0, 1],
			"geometry": "77A70369-0962-4CEE-B197-B98F2D740EB5",
			"material": "09A1D2EE-E7E0-4206-9481-513F644D5609"
		}, {
			"uuid": "AA5FF125-49D2-4A62-97F7-D767B4908C56",
			"type": "Mesh",
			"name": "TorusKnot",
			"userData": {
				"treeNode": {
					"sid": "2"
				}
			},
			"matrix": [1, 0, 0, 0, 0, 1, 0, 0, 0, 0, 1, 0, 0, 10, 0, 1],
			"geometry": "47A2B35D-1A71-4CDC-8CEA-1D1C409B4AD8",
			"material": "B195F3E7-FD48-45B9-936B-5F98CD2F44E7"
		}, {
			"uuid": "A8B834A7-5C9E-4392-97DB-EB3C97092261",
			"type": "Mesh",
			"name": "Cylinder",
			"userData": {
				"treeNode": {
					"sid": "3"
				}
			},
			"matrix": [1, 0, 0, 0, 0, 1, 0, 0, 0, 0, 1, 0, 20, 10, 0, 1],
			"geometry": "F795CEE9-AB2E-4A5F-BDF1-0D337DFF8012",
			"material": "2A1E4AC9-8F66-41A3-B6CE-E03A1BD9FB24"
		}, {
			"uuid": "C76FAB0F-6D91-4B6C-91E4-53DC223C357C",
			"type": "Mesh",
			"name": "Box",
			"userData": {
				"treeNode": {
					"sid": "4"
				}
			},
			"matrix": [1, 0, 0, 0, 0, 1, 0, 0, 0, 0, 1, 0, -20, -10, 0, 1],
			"geometry": "18208E0C-A640-40F4-BDD3-BD2292A530FE",
			"material": "1D887ADF-CDA4-4B69-A77C-6B9B8DECFDE9"
		}, {
			"uuid": "CAAA365A-2C70-41FA-A110-C86D99C314A9",
			"type": "Mesh",
			"name": "Cone",
			"userData": {
				"treeNode": {
					"sid": "5"
				}
			},
			"matrix": [1, 0, 0, 0, 0, 1, 0, 0, 0, 0, 1, 0, 0, -10, 0, 1],
			"geometry": "D7094590-EC9C-479F-8C01-9D4728C9977D",
			"material": "B40EC915-2224-43EB-B597-4AA968B43C76"
		}, {
			"uuid": "9A1CC8B7-5218-45B6-90B1-1EC896B542C0",
			"type": "Mesh",
			"name": "Dodecahedron",
			"userData": {
				"treeNode": {
					"sid": "6"
				}
			},
			"matrix": [1, 0, 0, 0, 0, 1, 0, 0, 0, 0, 1, 0, 20, -10, 0, 1],
			"geometry": "DBF6F1D7-B97E-4662-B922-0FB2D2E8E4E9",
			"material": "CC64E536-ADAF-4838-9F3B-94534FB7CF11"
		}]
	}
}
